{
    "metrics/precision(B)": 0.7220318079456949,
    "metrics/recall(B)": 0.07941747572815534,
    "metrics/mAP50(B)": 0.10264882827090797,
    "metrics/mAP50-95(B)": 0.05006350230287802,
    "fitness": 0.055322034899681016
}